timestamp,run_id,network,n_nodes,n_edges,prob_model,p,mode,alpha,kappa_min,kappa_max,kappa_null,p0_scale,benign_kappa_min,benign_kappa_max,n_seeds,calib_n_seeds,calib_kappa,budget,detector,container,throttler,rho_min,throttle_frac,alpha_soft,n_benign,n_harmful,fa_rate,fa_se,det_rate,delay_mean,harm_at_alarm,harmw_at_alarm,harm_final_harmful,harm_cf_harmful,saved_frac,benign_loss,benign_loss_frac,kappa_mae,n_intervened_mean,t_detect_ms,t_contain_ms,throttled_rounds_harmful,throttled_rounds_benign,throttled_nodes_benign,threshold,seed,git_commit,notes
2026-09-16T03:00:45Z,sequential_cagrqc_block_20260916T030041Z_7802,cagrqc,5241,14484,wc,0.1,block,0.05,1.5,4.0,,,1.0,1.0,3,3,,10,eprocess,none,,,,,300,300,0.0067,0.0047,0.79,2.143,17.684,,1818.803,1819.347,0.0003,0.0,0.0,0.446,0.0,1.697,0.048,,,,2.9957,1,f3215d7,main
2026-09-16T03:00:47Z,sequential_cagrqc_block_20260916T030041Z_7802,cagrqc,5241,14484,wc,0.1,block,0.05,1.5,4.0,,,1.0,1.0,3,3,,10,sprt,none,,,,,300,300,0.0133,0.0066,0.7733,1.905,15.668,,1818.803,1819.347,0.0003,0.0,0.0,0.784,0.0,0.759,0.04,,,,2.9957,1,f3215d7,main
2026-09-16T03:00:48Z,sequential_cagrqc_block_20260916T030041Z_7802,cagrqc,5241,14484,wc,0.1,block,0.05,1.5,4.0,,,1.0,1.0,3,3,,10,cusum,none,,,,,300,300,0.05,0.0126,0.8267,1.653,13.246,,1818.803,1819.347,0.0003,0.0,0.0,0.761,0.0,0.763,0.054,,,,2.2294,1,f3215d7,main
2026-09-16T03:00:50Z,sequential_cagrqc_block_20260916T030041Z_7802,cagrqc,5241,14484,wc,0.1,block,0.05,1.5,4.0,,,1.0,1.0,3,3,,10,size,none,,,,,300,300,0.04,0.0113,0.7,3.733,38.186,,1818.803,1819.347,0.0003,0.0,0.0,1.695,0.0,0.638,0.041,,,,27.0,1,f3215d7,main
2026-09-16T03:00:51Z,sequential_cagrqc_block_20260916T030041Z_7802,cagrqc,5241,14484,wc,0.1,block,0.05,1.5,4.0,,,1.0,1.0,3,3,,10,growth,none,,,,,300,300,0.0267,0.0093,0.6667,3.11,28.09,,1818.803,1819.347,0.0003,0.0,0.0,1.721,0.0,0.513,0.053,,,,9.0,1,f3215d7,main
2026-09-16T03:00:53Z,sequential_cagrqc_block_20260916T030041Z_7802,cagrqc,5241,14484,wc,0.1,block,0.05,1.5,4.0,,,1.0,1.0,3,3,,10,excess,none,,,,,300,300,0.04,0.0113,0.8033,1.793,13.913,,1818.803,1819.347,0.0003,0.0,0.0,1.664,0.0,0.491,0.035,,,,1.7546,1,f3215d7,main
2026-09-16T03:00:54Z,sequential_cagrqc_block_20260916T030041Z_7802,cagrqc,5241,14484,wc,0.1,block,0.05,1.5,4.0,,,1.0,1.0,3,3,,10,logistic,none,,,,,300,300,0.0367,0.0109,0.8,1.771,14.454,,1818.803,1819.347,0.0003,0.0,0.0,1.671,0.0,1.873,0.042,,,,0.9123,1,f3215d7,main
2026-09-16T03:00:57Z,sequential_cagrqc_block_20260916T030041Z_7802,cagrqc,5241,14484,wc,0.1,block,0.05,1.5,4.0,,,1.0,1.0,3,3,,10,never,none,,,,,300,300,0.0,0.0,0.0,,,,1818.803,1819.347,0.0003,0.0,0.0,,0.0,4.731,0.0,,,,,1,f3215d7,main
2026-09-16T03:00:58Z,sequential_cagrqc_block_20260916T030041Z_7802,cagrqc,5241,14484,wc,0.1,block,0.05,1.5,4.0,,,1.0,1.0,3,3,,10,immediate,none,,,,,300,300,1.0,0.0,1.0,1.0,8.86,,1818.803,1819.347,0.0003,0.0,0.0,1.524,0.0,0.239,0.066,,,,,1,f3215d7,main
2026-09-16T03:01:06Z,sequential_cagrqc_block_20260916T030104Z_8019,cagrqc,5241,14484,wc,0.1,block,0.05,1.5,4.0,,,1.0,1.0,3,1,,10,eprocess,none,,,,,300,300,0.0033,0.0033,0.7067,2.132,17.835,,1809.47,1809.687,0.0001,0.0,0.0,0.45,0.0,1.331,0.021,,,,2.9957,1,3440091,calib_shift
2026-09-16T03:01:08Z,sequential_cagrqc_block_20260916T030104Z_8019,cagrqc,5241,14484,wc,0.1,block,0.05,1.5,4.0,,,1.0,1.0,3,1,,10,sprt,none,,,,,300,300,0.0067,0.0047,0.69,1.99,17.725,,1809.47,1809.687,0.0001,0.0,0.0,0.826,0.0,0.666,0.026,,,,2.9957,1,3440091,calib_shift
2026-09-16T03:01:09Z,sequential_cagrqc_block_20260916T030104Z_8019,cagrqc,5241,14484,wc,0.1,block,0.05,1.5,4.0,,,1.0,1.0,3,1,,10,cusum,none,,,,,300,300,0.14,0.02,0.8333,1.5,12.156,,1809.47,1809.687,0.0001,0.0,0.0,0.746,0.0,0.495,0.065,,,,1.4879,1,3440091,calib_shift
2026-09-16T03:01:10Z,sequential_cagrqc_block_20260916T030104Z_8019,cagrqc,5241,14484,wc,0.1,block,0.05,1.5,4.0,,,1.0,1.0,3,1,,10,size,none,,,,,300,300,0.1367,0.0198,0.7167,2.674,24.651,,1809.47,1809.687,0.0001,0.0,0.0,1.68,0.0,0.501,0.076,,,,17.0,1,3440091,calib_shift
2026-09-16T03:01:11Z,sequential_cagrqc_block_20260916T030104Z_8019,cagrqc,5241,14484,wc,0.1,block,0.05,1.5,4.0,,,1.0,1.0,3,1,,10,growth,none,,,,,300,300,0.1367,0.0198,0.7233,2.124,18.604,,1809.47,1809.687,0.0001,0.0,0.0,1.681,0.0,0.616,0.067,,,,6.0,1,3440091,calib_shift
2026-09-16T03:01:12Z,sequential_cagrqc_block_20260916T030104Z_8019,cagrqc,5241,14484,wc,0.1,block,0.05,1.5,4.0,,,1.0,1.0,3,1,,10,excess,none,,,,,300,300,0.04,0.0113,0.7367,1.661,13.747,,1809.47,1809.687,0.0001,0.0,0.0,1.695,0.0,0.417,0.04,,,,1.6136,1,3440091,calib_shift
2026-09-16T03:01:14Z,sequential_cagrqc_block_20260916T030104Z_8019,cagrqc,5241,14484,wc,0.1,block,0.05,1.5,4.0,,,1.0,1.0,3,1,,10,logistic,none,,,,,300,300,0.0033,0.0033,0.6767,2.438,21.281,,1809.47,1809.687,0.0001,0.0,0.0,1.771,0.0,1.815,0.025,,,,0.8984,1,3440091,calib_shift
2026-09-16T03:01:15Z,sequential_cagrqc_block_20260916T030104Z_8019,cagrqc,5241,14484,wc,0.1,block,0.05,1.5,4.0,,,1.0,1.0,3,1,,10,never,none,,,,,300,300,0.0,0.0,0.0,,,,1809.47,1809.687,0.0001,0.0,0.0,,0.0,3.255,0.0,,,,,1,3440091,calib_shift
2026-09-16T03:01:16Z,sequential_cagrqc_block_20260916T030104Z_8019,cagrqc,5241,14484,wc,0.1,block,0.05,1.5,4.0,,,1.0,1.0,3,1,,10,immediate,none,,,,,300,300,1.0,0.0,1.0,1.0,8.913,,1809.47,1809.687,0.0001,0.0,0.0,1.514,0.0,0.198,0.093,,,,,1,3440091,calib_shift
2026-09-16T03:01:26Z,sequential_cagrqc_block_20260916T030122Z_8278,cagrqc,5241,14484,wc,0.1,block,0.05,1.5,4.0,1.0,1.0,0.5,1.0,3,3,,10,eprocess,none,,,,,300,300,0.0033,0.0033,0.79,2.143,17.684,,1818.803,1819.347,0.0003,0.0,0.0,0.446,0.0,1.363,0.061,,,,2.9957,1,9ff5030,dominance_null
2026-09-16T03:01:27Z,sequential_cagrqc_block_20260916T030122Z_8278,cagrqc,5241,14484,wc,0.1,block,0.05,1.5,4.0,1.0,1.0,0.5,1.0,3,3,,10,sprt,none,,,,,300,300,0.0033,0.0033,0.7733,1.905,15.668,,1818.803,1819.347,0.0003,0.0,0.0,0.784,0.0,0.923,0.021,,,,2.9957,1,9ff5030,dominance_null
2026-09-16T03:01:28Z,sequential_cagrqc_block_20260916T030122Z_8278,cagrqc,5241,14484,wc,0.1,block,0.05,1.5,4.0,1.0,1.0,0.5,1.0,3,3,,10,cusum,none,,,,,300,300,0.04,0.0113,0.9033,1.428,11.458,,1818.803,1819.347,0.0003,0.0,0.0,0.728,0.0,0.559,0.035,,,,1.2809,1,9ff5030,dominance_null
2026-09-16T03:01:30Z,sequential_cagrqc_block_20260916T030122Z_8278,cagrqc,5241,14484,wc,0.1,block,0.05,1.5,4.0,1.0,1.0,0.5,1.0,3,3,,10,size,none,,,,,300,300,0.0667,0.0144,0.7967,2.778,23.004,,1818.803,1819.347,0.0003,0.0,0.0,1.638,0.0,0.549,0.061,,,,16.0,1,361c448,dominance_null
2026-09-16T03:01:31Z,sequential_cagrqc_block_20260916T030122Z_8278,cagrqc,5241,14484,wc,0.1,block,0.05,1.5,4.0,1.0,1.0,0.5,1.0,3,3,,10,growth,none,,,,,300,300,0.0533,0.013,0.76,2.276,18.5,,1818.803,1819.347,0.0003,0.0,0.0,1.668,0.0,0.578,0.076,,,,6.0,1,361c448,dominance_null
2026-09-16T03:01:33Z,sequential_cagrqc_block_20260916T030122Z_8278,cagrqc,5241,14484,wc,0.1,block,0.05,1.5,4.0,1.0,1.0,0.5,1.0,3,3,,10,excess,none,,,,,300,300,0.06,0.0137,0.8733,1.366,10.939,,1818.803,1819.347,0.0003,0.0,0.0,1.604,0.0,0.391,0.06,,,,1.0854,1,361c448,dominance_null
2026-09-16T03:01:34Z,sequential_cagrqc_block_20260916T030122Z_8278,cagrqc,5241,14484,wc,0.1,block,0.05,1.5,4.0,1.0,1.0,0.5,1.0,3,3,,10,logistic,none,,,,,300,300,0.05,0.0126,0.8767,1.422,11.217,,1818.803,1819.347,0.0003,0.0,0.0,1.601,0.0,1.48,0.061,,,,0.9104,1,361c448,dominance_null
2026-09-16T03:01:36Z,sequential_cagrqc_block_20260916T030122Z_8278,cagrqc,5241,14484,wc,0.1,block,0.05,1.5,4.0,1.0,1.0,0.5,1.0,3,3,,10,never,none,,,,,300,300,0.0,0.0,0.0,,,,1818.803,1819.347,0.0003,0.0,0.0,,0.0,4.351,0.0,,,,,1,361c448,dominance_null
2026-09-16T03:01:38Z,sequential_cagrqc_block_20260916T030122Z_8278,cagrqc,5241,14484,wc,0.1,block,0.05,1.5,4.0,1.0,1.0,0.5,1.0,3,3,,10,immediate,none,,,,,300,300,1.0,0.0,1.0,1.0,8.86,,1818.803,1819.347,0.0003,0.0,0.0,1.524,0.0,0.264,0.044,,,,,1,361c448,dominance_null
2026-09-16T03:03:51Z,sequential_highschool2013_block_20260916T030348Z_8822,highschool2013,327,5818,wc,0.1,block,0.05,1.5,4.0,1.0,1.0,1.0,1.0,3,3,,10,eprocess,none,,,,,300,300,0.0133,0.0066,0.97,2.763,30.687,,272.503,272.503,0.0,0.0,0.0,0.413,0.0,2.501,0.011,,,,2.9957,1,03a4090,main
2026-09-16T03:03:52Z,sequential_highschool2013_block_20260916T030348Z_8822,highschool2013,327,5818,wc,0.1,block,0.05,1.5,4.0,1.0,1.0,1.0,1.0,3,3,,10,sprt,none,,,,,300,300,0.0133,0.0066,0.96,2.722,30.594,,272.503,272.503,0.0,0.0,0.0,0.706,0.0,1.361,0.024,,,,2.9957,1,03a4090,main
2026-09-16T03:03:52Z,sequential_highschool2013_block_20260916T030348Z_8822,highschool2013,327,5818,wc,0.1,block,0.05,1.5,4.0,1.0,1.0,1.0,1.0,3,3,,10,cusum,none,,,,,300,300,0.07,0.0147,0.97,2.433,25.402,,272.503,272.503,0.0,0.0,0.0,0.702,0.0,1.039,0.011,,,,2.7546,1,03a4090,main
2026-09-16T03:03:53Z,sequential_highschool2013_block_20260916T030348Z_8822,highschool2013,327,5818,wc,0.1,block,0.05,1.5,4.0,1.0,1.0,1.0,1.0,3,3,,10,size,none,,,,,300,300,0.0767,0.0154,0.97,4.405,92.598,,272.503,272.503,0.0,0.0,0.0,1.551,0.0,1.031,0.016,,,,65.0,1,03a4090,main
2026-09-16T03:03:54Z,sequential_highschool2013_block_20260916T030348Z_8822,highschool2013,327,5818,wc,0.1,block,0.05,1.5,4.0,1.0,1.0,1.0,1.0,3,3,,10,growth,none,,,,,300,300,0.04,0.0113,0.9667,2.793,33.81,,272.503,272.503,0.0,0.0,0.0,1.555,0.0,0.9,0.015,,,,11.0,1,03a4090,main
2026-09-16T03:03:54Z,sequential_highschool2013_block_20260916T030348Z_8822,highschool2013,327,5818,wc,0.1,block,0.05,1.5,4.0,1.0,1.0,1.0,1.0,3,3,,10,excess,none,,,,,300,300,0.0467,0.0122,0.97,2.182,21.522,,272.503,272.503,0.0,0.0,0.0,1.551,0.0,0.757,0.011,,,,2.3528,1,03a4090,main
2026-09-16T03:03:55Z,sequential_highschool2013_block_20260916T030348Z_8822,highschool2013,327,5818,wc,0.1,block,0.05,1.5,4.0,1.0,1.0,1.0,1.0,3,3,,10,logistic,none,,,,,300,300,0.05,0.0126,0.9667,2.159,22.955,,272.503,272.503,0.0,0.0,0.0,1.555,0.0,2.634,0.025,,,,0.841,1,03a4090,main
2026-09-16T03:03:56Z,sequential_highschool2013_block_20260916T030348Z_8822,highschool2013,327,5818,wc,0.1,block,0.05,1.5,4.0,1.0,1.0,1.0,1.0,3,3,,10,never,none,,,,,300,300,0.0,0.0,0.0,,,,272.503,272.503,0.0,0.0,0.0,,0.0,1.859,0.0,,,,,1,03a4090,main
2026-09-16T03:03:57Z,sequential_highschool2013_block_20260916T030348Z_8822,highschool2013,327,5818,wc,0.1,block,0.05,1.5,4.0,1.0,1.0,1.0,1.0,3,3,,10,immediate,none,,,,,300,300,1.0,0.0,1.0,1.0,10.513,,272.503,272.503,0.0,0.0,0.0,1.524,0.0,0.194,0.062,,,,,1,03a4090,main
2026-09-16T03:04:05Z,sequential_highschool2013_block_20260916T030402Z_8976,highschool2013,327,5818,wc,0.1,block,0.05,1.5,4.0,1.0,1.0,1.0,1.0,3,1,,10,eprocess,none,,,,,300,300,0.02,0.0081,0.9633,2.851,31.55,,269.277,269.277,0.0,0.0,0.0,0.386,0.0,2.731,0.037,,,,2.9957,1,add0744,calib_shift
2026-09-16T03:04:05Z,sequential_highschool2013_block_20260916T030402Z_8976,highschool2013,327,5818,wc,0.1,block,0.05,1.5,4.0,1.0,1.0,1.0,1.0,3,1,,10,sprt,none,,,,,300,300,0.02,0.0081,0.9467,2.588,28.447,,269.277,269.277,0.0,0.0,0.0,0.697,0.0,1.089,0.014,,,,2.9957,1,add0744,calib_shift
2026-09-16T03:04:06Z,sequential_highschool2013_block_20260916T030402Z_8976,highschool2013,327,5818,wc,0.1,block,0.05,1.5,4.0,1.0,1.0,1.0,1.0,3,1,,10,cusum,none,,,,,300,300,0.07,0.0147,0.9633,2.363,23.886,,269.277,269.277,0.0,0.0,0.0,0.692,0.0,1.245,0.039,,,,2.5157,1,add0744,calib_shift
2026-09-16T03:04:07Z,sequential_highschool2013_block_20260916T030402Z_8976,highschool2013,327,5818,wc,0.1,block,0.05,1.5,4.0,1.0,1.0,1.0,1.0,3,1,,10,size,none,,,,,300,300,0.1567,0.021,0.9667,3.938,70.472,,269.277,269.277,0.0,0.0,0.0,1.54,0.0,0.95,0.011,,,,48.0,1,add0744,calib_shift
2026-09-16T03:04:07Z,sequential_highschool2013_block_20260916T030402Z_8976,highschool2013,327,5818,wc,0.1,block,0.05,1.5,4.0,1.0,1.0,1.0,1.0,3,1,,10,growth,none,,,,,300,300,0.1233,0.019,0.9667,2.255,22.507,,269.277,269.277,0.0,0.0,0.0,1.54,0.0,0.707,0.045,,,,8.0,1,add0744,calib_shift
2026-09-16T03:04:08Z,sequential_highschool2013_block_20260916T030402Z_8976,highschool2013,327,5818,wc,0.1,block,0.05,1.5,4.0,1.0,1.0,1.0,1.0,3,1,,10,excess,none,,,,,300,300,0.0533,0.013,0.9633,2.346,23.581,,269.277,269.277,0.0,0.0,0.0,1.543,0.0,0.865,0.052,,,,2.466,1,add0744,calib_shift
2026-09-16T03:04:09Z,sequential_highschool2013_block_20260916T030402Z_8976,highschool2013,327,5818,wc,0.1,block,0.05,1.5,4.0,1.0,1.0,1.0,1.0,3,1,,10,logistic,none,,,,,300,300,0.02,0.0081,0.95,2.895,32.214,,269.277,269.277,0.0,0.0,0.0,1.557,0.0,2.951,0.011,,,,0.8152,1,add0744,calib_shift
2026-09-16T03:04:10Z,sequential_highschool2013_block_20260916T030402Z_8976,highschool2013,327,5818,wc,0.1,block,0.05,1.5,4.0,1.0,1.0,1.0,1.0,3,1,,10,never,none,,,,,300,300,0.0,0.0,0.0,,,,269.277,269.277,0.0,0.0,0.0,,0.0,1.92,0.0,,,,,1,add0744,calib_shift
2026-09-16T03:04:10Z,sequential_highschool2013_block_20260916T030402Z_8976,highschool2013,327,5818,wc,0.1,block,0.05,1.5,4.0,1.0,1.0,1.0,1.0,3,1,,10,immediate,none,,,,,300,300,1.0,0.0,1.0,1.0,10.5,,269.277,269.277,0.0,0.0,0.0,1.514,0.0,0.177,0.053,,,,,1,add0744,calib_shift
2026-09-16T03:04:19Z,sequential_highschool2013_block_20260916T030416Z_9128,highschool2013,327,5818,wc,0.1,block,0.05,1.5,4.0,1.0,1.0,0.5,1.0,3,3,,10,eprocess,none,,,,,300,300,0.0033,0.0033,0.97,2.763,30.687,,272.503,272.503,0.0,0.0,0.0,0.413,0.0,3.475,0.032,,,,2.9957,1,4cf24ed,dominance_null
2026-09-16T03:04:20Z,sequential_highschool2013_block_20260916T030416Z_9128,highschool2013,327,5818,wc,0.1,block,0.05,1.5,4.0,1.0,1.0,0.5,1.0,3,3,,10,sprt,none,,,,,300,300,0.0033,0.0033,0.96,2.722,30.594,,272.503,272.503,0.0,0.0,0.0,0.706,0.0,1.295,0.024,,,,2.9957,1,4cf24ed,dominance_null
2026-09-16T03:04:21Z,sequential_highschool2013_block_20260916T030416Z_9128,highschool2013,327,5818,wc,0.1,block,0.05,1.5,4.0,1.0,1.0,0.5,1.0,3,3,,10,cusum,none,,,,,300,300,0.0433,0.0118,0.9767,2.014,19.679,,272.503,272.503,0.0,0.0,0.0,0.7,0.0,1.018,0.032,,,,1.8867,1,4cf24ed,dominance_null
2026-09-16T03:04:22Z,sequential_highschool2013_block_20260916T030416Z_9128,highschool2013,327,5818,wc,0.1,block,0.05,1.5,4.0,1.0,1.0,0.5,1.0,3,3,,10,size,none,,,,,300,300,0.04,0.0113,0.97,3.656,63.625,,272.503,272.503,0.0,0.0,0.0,1.551,0.0,1.235,0.1,,,,43.0,1,4cf24ed,dominance_null
2026-09-16T03:04:23Z,sequential_highschool2013_block_20260916T030416Z_9128,highschool2013,327,5818,wc,0.1,block,0.05,1.5,4.0,1.0,1.0,0.5,1.0,3,3,,10,growth,none,,,,,300,300,0.0233,0.0087,0.9733,2.212,22.918,,272.503,272.503,0.0,0.0,0.0,1.548,0.0,0.85,0.012,,,,8.0,1,4cf24ed,dominance_null
2026-09-16T03:04:23Z,sequential_highschool2013_block_20260916T030416Z_9128,highschool2013,327,5818,wc,0.1,block,0.05,1.5,4.0,1.0,1.0,0.5,1.0,3,3,,10,excess,none,,,,,300,300,0.02,0.0081,0.9767,1.741,16.044,,272.503,272.503,0.0,0.0,0.0,1.544,0.0,0.786,0.026,,,,1.6448,1,4cf24ed,dominance_null
2026-09-16T03:04:24Z,sequential_highschool2013_block_20260916T030416Z_9128,highschool2013,327,5818,wc,0.1,block,0.05,1.5,4.0,1.0,1.0,0.5,1.0,3,3,,10,logistic,none,,,,,300,300,0.0167,0.0074,0.97,1.801,17.667,,272.503,272.503,0.0,0.0,0.0,1.551,0.0,1.849,0.018,,,,0.8637,1,4cf24ed,dominance_null
2026-09-16T03:04:25Z,sequential_highschool2013_block_20260916T030416Z_9128,highschool2013,327,5818,wc,0.1,block,0.05,1.5,4.0,1.0,1.0,0.5,1.0,3,3,,10,never,none,,,,,300,300,0.0,0.0,0.0,,,,272.503,272.503,0.0,0.0,0.0,,0.0,1.662,0.0,,,,,1,4cf24ed,dominance_null
2026-09-16T03:04:25Z,sequential_highschool2013_block_20260916T030416Z_9128,highschool2013,327,5818,wc,0.1,block,0.05,1.5,4.0,1.0,1.0,0.5,1.0,3,3,,10,immediate,none,,,,,300,300,1.0,0.0,1.0,1.0,10.513,,272.503,272.503,0.0,0.0,0.0,1.524,0.0,0.295,0.07,,,,,1,4cf24ed,dominance_null
2026-09-16T03:05:20Z,sequential_cagrqc_contain_20260916T030446Z_9393,cagrqc,5241,14484,wc,0.1,block,0.05,1.5,4.0,1.0,1.0,1.0,1.0,3,3,,10,eprocess,adaptive,,,,,300,300,0.0067,0.0047,0.79,2.143,17.684,,948.627,1819.347,0.4786,0.043,0.0041,0.446,7.25,2.854,209.294,,,,2.9957,1,cd4005a,main
2026-09-16T03:05:50Z,sequential_cagrqc_contain_20260916T030446Z_9393,cagrqc,5241,14484,wc,0.1,block,0.05,1.5,4.0,1.0,1.0,1.0,1.0,3,3,,10,eprocess,greedy,,,,,300,300,0.0067,0.0047,0.79,2.143,17.684,,948.72,1819.347,0.4785,0.043,0.0041,0.446,7.26,2.144,183.275,,,,2.9957,1,cd4005a,main
2026-09-16T03:06:04Z,sequential_cagrqc_contain_20260916T030446Z_9393,cagrqc,5241,14484,wc,0.1,block,0.05,1.5,4.0,1.0,1.0,1.0,1.0,3,3,,10,eprocess,proximity,,,,,300,300,0.0067,0.0047,0.79,2.143,17.684,,1041.593,1819.347,0.4275,0.057,0.0054,0.446,7.86,2.173,80.093,,,,2.9957,1,b4e4ca1,main
2026-09-16T03:06:06Z,sequential_cagrqc_contain_20260916T030446Z_9393,cagrqc,5241,14484,wc,0.1,block,0.05,1.5,4.0,1.0,1.0,1.0,1.0,3,3,,10,eprocess,degree,,,,,300,300,0.0067,0.0047,0.79,2.143,17.684,,1749.02,1819.347,0.0387,0.0,0.0,0.446,7.9,2.487,0.407,,,,2.9957,1,b4e4ca1,main
2026-09-16T03:06:18Z,sequential_cagrqc_contain_20260916T030446Z_9393,cagrqc,5241,14484,wc,0.1,block,0.05,1.5,4.0,1.0,1.0,1.0,1.0,3,3,,10,immediate,adaptive,,,,,300,300,1.0,0.0,1.0,1.0,8.86,,1073.21,1819.347,0.4101,3.237,0.3073,1.524,7.95,0.598,69.284,,,,,1,b4e4ca1,main
2026-09-16T03:06:25Z,sequential_highschool2013_block_20260916T030431Z_9325,highschool2013,327,5818,wc,0.1,block,0.05,1.5,4.0,1.0,1.0,1.0,1.0,3,3,,10,eprocess,adaptive,,,,,300,300,0.0133,0.0066,0.97,2.763,30.687,,256.957,272.503,0.0571,0.093,0.0038,0.413,9.7,3.428,738.959,,,,2.9957,1,b4e4ca1,main
2026-09-16T03:06:31Z,sequential_cagrqc_contain_20260916T030446Z_9393,cagrqc,5241,14484,wc,0.1,block,0.05,1.5,4.0,1.0,1.0,1.0,1.0,3,3,,10,immediate,greedy,,,,,300,300,1.0,0.0,1.0,1.0,8.86,,1093.847,1819.347,0.3988,3.21,0.3047,1.524,7.87,0.472,71.375,,,,,1,16389ad,main
2026-09-16T03:07:32Z,sequential_highschool2013_block_20260916T030431Z_9325,highschool2013,327,5818,wc,0.1,block,0.05,1.5,4.0,1.0,1.0,1.0,1.0,3,3,,10,eprocess,greedy,,,,,300,300,0.0133,0.0066,0.97,2.763,30.687,,257.1,272.503,0.0565,0.093,0.0038,0.413,9.7,4.352,427.645,,,,2.9957,1,16389ad,main
2026-09-16T03:07:36Z,sequential_highschool2013_block_20260916T030431Z_9325,highschool2013,327,5818,wc,0.1,block,0.05,1.5,4.0,1.0,1.0,1.0,1.0,3,3,,10,eprocess,proximity,,,,,300,300,0.0133,0.0066,0.97,2.763,30.687,,254.727,272.503,0.0652,0.083,0.0034,0.413,9.7,1.982,23.264,,,,2.9957,1,16389ad,main
2026-09-16T03:07:37Z,sequential_highschool2013_block_20260916T030431Z_9325,highschool2013,327,5818,wc,0.1,block,0.05,1.5,4.0,1.0,1.0,1.0,1.0,3,3,,10,eprocess,degree,,,,,300,300,0.0133,0.0066,0.97,2.763,30.687,,254.473,272.503,0.0662,0.083,0.0034,0.413,9.7,1.988,0.067,,,,2.9957,1,16389ad,main
2026-09-16T03:07:49Z,sequential_highschool2013_block_20260916T030431Z_9325,highschool2013,327,5818,wc,0.1,block,0.05,1.5,4.0,1.0,1.0,1.0,1.0,3,3,,10,immediate,adaptive,,,,,300,300,1.0,0.0,1.0,1.0,10.513,,255.047,272.503,0.0641,5.923,0.2414,1.524,10.0,0.265,72.898,,,,,1,16389ad,main
2026-09-16T03:07:57Z,sequential_powergrid_block_20260916T030754Z_0061,powergrid,4941,6594,wc,0.1,block,0.05,1.5,4.0,1.0,1.0,1.0,1.0,3,3,,10,eprocess,none,,,,,300,300,0.01,0.0057,0.8533,2.008,14.676,,1964.703,2051.267,0.0422,0.0,0.0,0.439,0.0,1.05,0.085,,,,2.9957,1,b37edba,main
2026-09-16T03:07:58Z,sequential_powergrid_block_20260916T030754Z_0061,powergrid,4941,6594,wc,0.1,block,0.05,1.5,4.0,1.0,1.0,1.0,1.0,3,3,,10,sprt,none,,,,,300,300,0.0133,0.0066,0.8167,1.694,12.951,,1964.703,2051.267,0.0422,0.0,0.0,0.773,0.0,0.485,0.08,,,,2.9957,1,b37edba,main
2026-09-16T03:08:00Z,sequential_powergrid_block_20260916T030754Z_0061,powergrid,4941,6594,wc,0.1,block,0.05,1.5,4.0,1.0,1.0,1.0,1.0,3,3,,10,cusum,none,,,,,300,300,0.0367,0.0109,0.9,1.696,12.567,,1964.703,2051.267,0.0422,0.0,0.0,0.732,0.0,0.642,0.069,,,,2.5494,1,b37edba,main
2026-09-16T03:08:01Z,sequential_powergrid_block_20260916T030754Z_0061,powergrid,4941,6594,wc,0.1,block,0.05,1.5,4.0,1.0,1.0,1.0,1.0,3,3,,10,size,none,,,,,300,300,0.0333,0.0104,0.83,3.719,32.667,,1964.703,2051.267,0.0422,0.0,0.0,1.668,0.0,0.713,0.079,,,,25.0,1,b37edba,main
2026-09-16T03:08:02Z,sequential_powergrid_block_20260916T030754Z_0061,powergrid,4941,6594,wc,0.1,block,0.05,1.5,4.0,1.0,1.0,1.0,1.0,3,3,,10,growth,none,,,,,300,300,0.02,0.0081,0.7567,3.106,25.348,,1964.703,2051.267,0.0422,0.0,0.0,1.752,0.0,0.556,0.064,,,,8.0,1,895f0d6,main
2026-09-16T03:08:03Z,sequential_powergrid_block_20260916T030754Z_0061,powergrid,4941,6594,wc,0.1,block,0.05,1.5,4.0,1.0,1.0,1.0,1.0,3,3,,10,excess,none,,,,,300,300,0.0633,0.0141,0.88,1.621,11.803,,1964.703,2051.267,0.0422,0.0,0.0,1.626,0.0,0.311,0.068,,,,1.4821,1,895f0d6,main
2026-09-16T03:08:04Z,sequential_powergrid_block_20260916T030754Z_0061,powergrid,4941,6594,wc,0.1,block,0.05,1.5,4.0,1.0,1.0,1.0,1.0,3,3,,10,logistic,none,,,,,300,300,0.04,0.0113,0.8733,1.729,12.313,,1964.703,2051.267,0.0422,0.0,0.0,1.633,0.0,1.098,0.043,,,,0.8933,1,895f0d6,main
2026-09-16T03:08:06Z,sequential_powergrid_block_20260916T030754Z_0061,powergrid,4941,6594,wc,0.1,block,0.05,1.5,4.0,1.0,1.0,1.0,1.0,3,3,,10,never,none,,,,,300,300,0.0,0.0,0.0,,,,1964.703,2051.267,0.0422,0.0,0.0,,0.0,4.238,0.0,,,,,1,895f0d6,main
2026-09-16T03:08:08Z,sequential_powergrid_block_20260916T030754Z_0061,powergrid,4941,6594,wc,0.1,block,0.05,1.5,4.0,1.0,1.0,1.0,1.0,3,3,,10,immediate,none,,,,,300,300,1.0,0.0,1.0,1.0,8.697,,1964.703,2051.267,0.0422,0.0,0.0,1.524,0.0,0.17,0.092,,,,,1,895f0d6,main
2026-09-16T03:08:12Z,sequential_cagrqc_ablation_20260916T030806Z_0270,cagrqc,5241,14484,wc,0.1,block,0.05,1.5,4.0,1.0,1.0,1.0,1.0,3,3,,10,eprocess,greedy_p0,,,,,300,300,0.0067,0.0047,0.79,2.143,17.684,,1276.76,1819.347,0.2982,0.02,0.0019,0.446,7.2,2.027,31.068,,,,2.9957,1,588c574,ablation
2026-09-16T03:08:17Z,sequential_powergrid_block_20260916T030813Z_0333,powergrid,4941,6594,wc,0.1,block,0.05,1.5,4.0,1.0,1.0,1.0,1.0,3,1,,10,eprocess,none,,,,,300,300,0.0033,0.0033,0.8767,2.16,15.605,,1942.287,2005.597,0.0316,0.0,0.0,0.445,0.0,1.841,0.144,,,,2.9957,1,588c574,calib_shift
2026-09-16T03:08:19Z,sequential_powergrid_block_20260916T030813Z_0333,powergrid,4941,6594,wc,0.1,block,0.05,1.5,4.0,1.0,1.0,1.0,1.0,3,1,,10,sprt,none,,,,,300,300,0.0233,0.0087,0.84,1.77,13.992,,1942.287,2005.597,0.0316,0.0,0.0,0.749,0.0,0.735,0.074,,,,2.9957,1,588c574,calib_shift
2026-09-16T03:08:20Z,sequential_cagrqc_ablation_20260916T030806Z_0270,cagrqc,5241,14484,wc,0.1,block,0.05,1.5,4.0,1.0,1.0,1.0,1.0,3,3,,10,eprocess,adaptive_p0,,,,,300,300,0.0067,0.0047,0.79,2.143,17.684,,1276.76,1819.347,0.2982,0.02,0.0019,0.446,7.2,1.613,37.882,,,,2.9957,1,588c574,ablation
2026-09-16T03:08:20Z,sequential_powergrid_block_20260916T030813Z_0333,powergrid,4941,6594,wc,0.1,block,0.05,1.5,4.0,1.0,1.0,1.0,1.0,3,1,,10,cusum,none,,,,,300,300,0.1267,0.0192,0.93,1.595,11.763,,1942.287,2005.597,0.0316,0.0,0.0,0.704,0.0,0.486,0.041,,,,1.9459,1,588c574,calib_shift
2026-09-16T03:08:22Z,sequential_powergrid_block_20260916T030813Z_0333,powergrid,4941,6594,wc,0.1,block,0.05,1.5,4.0,1.0,1.0,1.0,1.0,3,1,,10,size,none,,,,,300,300,0.3033,0.0265,0.94,2.23,17.702,,1942.287,2005.597,0.0316,0.0,0.0,1.561,0.0,0.53,0.149,,,,12.0,1,588c574,calib_shift
2026-09-16T03:08:24Z,sequential_powergrid_block_20260916T030813Z_0333,powergrid,4941,6594,wc,0.1,block,0.05,1.5,4.0,1.0,1.0,1.0,1.0,3,1,,10,growth,none,,,,,300,300,0.27,0.0256,0.9,1.522,11.926,,1942.287,2005.597,0.0316,0.0,0.0,1.596,0.0,0.354,0.077,,,,4.0,1,588c574,calib_shift
2026-09-16T03:08:25Z,sequential_powergrid_block_20260916T030813Z_0333,powergrid,4941,6594,wc,0.1,block,0.05,1.5,4.0,1.0,1.0,1.0,1.0,3,1,,10,excess,none,,,,,300,300,0.0633,0.0141,0.9133,1.639,11.949,,1942.287,2005.597,0.0316,0.0,0.0,1.586,0.0,0.404,0.101,,,,1.3839,1,588c574,calib_shift
2026-09-16T03:08:27Z,sequential_powergrid_block_20260916T030813Z_0333,powergrid,4941,6594,wc,0.1,block,0.05,1.5,4.0,1.0,1.0,1.0,1.0,3,1,,10,logistic,none,,,,,300,300,0.01,0.0057,0.83,2.494,17.924,,1942.287,2005.597,0.0316,0.0,0.0,1.675,0.0,2.323,0.094,,,,0.9468,1,588c574,calib_shift
2026-09-16T03:08:30Z,sequential_powergrid_block_20260916T030813Z_0333,powergrid,4941,6594,wc,0.1,block,0.05,1.5,4.0,1.0,1.0,1.0,1.0,3,1,,10,never,none,,,,,300,300,0.0,0.0,0.0,,,,1942.287,2005.597,0.0316,0.0,0.0,,0.0,7.242,0.0,,,,,1,31f9de4,calib_shift
2026-09-16T03:08:32Z,sequential_powergrid_block_20260916T030813Z_0333,powergrid,4941,6594,wc,0.1,block,0.05,1.5,4.0,1.0,1.0,1.0,1.0,3,1,,10,immediate,none,,,,,300,300,1.0,0.0,1.0,1.0,8.877,,1942.287,2005.597,0.0316,0.0,0.0,1.514,0.0,0.268,0.136,,,,,1,31f9de4,calib_shift
2026-09-16T03:08:42Z,sequential_powergrid_block_20260916T030837Z_0561,powergrid,4941,6594,wc,0.1,block,0.05,1.5,4.0,1.0,1.0,0.5,1.0,3,3,,10,eprocess,none,,,,,300,300,0.0033,0.0033,0.8533,2.008,14.676,,1964.703,2051.267,0.0422,0.0,0.0,0.439,0.0,1.686,0.107,,,,2.9957,1,637f720,dominance_null
2026-09-16T03:08:43Z,sequential_powergrid_block_20260916T030837Z_0561,powergrid,4941,6594,wc,0.1,block,0.05,1.5,4.0,1.0,1.0,0.5,1.0,3,3,,10,sprt,none,,,,,300,300,0.0033,0.0033,0.8167,1.694,12.951,,1964.703,2051.267,0.0422,0.0,0.0,0.773,0.0,0.544,0.133,,,,2.9957,1,637f720,dominance_null
2026-09-16T03:08:44Z,sequential_cagrqc_ablation_20260916T030806Z_0270,cagrqc,5241,14484,wc,0.1,block,0.05,1.5,4.0,1.0,1.0,1.0,1.0,3,3,,10,eprocess,adaptive_commit,,,,,300,300,0.0067,0.0047,0.79,2.143,17.684,,948.72,1819.347,0.4785,0.043,0.0041,0.446,7.26,1.787,147.37,,,,2.9957,1,637f720,ablation
2026-09-16T03:08:44Z,sequential_powergrid_block_20260916T030837Z_0561,powergrid,4941,6594,wc,0.1,block,0.05,1.5,4.0,1.0,1.0,0.5,1.0,3,3,,10,cusum,none,,,,,300,300,0.0433,0.0118,0.9367,1.359,10.448,,1964.703,2051.267,0.0422,0.0,0.0,0.716,0.0,0.516,0.047,,,,1.4633,1,637f720,dominance_null
2026-09-16T03:08:45Z,sequential_powergrid_block_20260916T030837Z_0561,powergrid,4941,6594,wc,0.1,block,0.05,1.5,4.0,1.0,1.0,0.5,1.0,3,3,,10,size,none,,,,,300,300,0.0533,0.013,0.8867,2.714,21.887,,1964.703,2051.267,0.0422,0.0,0.0,1.613,0.0,0.29,0.039,,,,16.0,1,637f720,dominance_null
2026-09-16T03:08:46Z,sequential_powergrid_block_20260916T030837Z_0561,powergrid,4941,6594,wc,0.1,block,0.05,1.5,4.0,1.0,1.0,0.5,1.0,3,3,,10,growth,none,,,,,300,300,0.0267,0.0093,0.8133,2.266,17.787,,1964.703,2051.267,0.0422,0.0,0.0,1.68,0.0,0.327,0.048,,,,6.0,1,637f720,dominance_null
2026-09-16T03:08:48Z,sequential_powergrid_block_20260916T030837Z_0561,powergrid,4941,6594,wc,0.1,block,0.05,1.5,4.0,1.0,1.0,0.5,1.0,3,3,,10,excess,none,,,,,300,300,0.0333,0.0104,0.9133,1.383,10.445,,1964.703,2051.267,0.0422,0.0,0.0,1.598,0.0,0.343,0.059,,,,1.1259,1,637f720,dominance_null
2026-09-16T03:08:49Z,sequential_powergrid_block_20260916T030837Z_0561,powergrid,4941,6594,wc,0.1,block,0.05,1.5,4.0,1.0,1.0,0.5,1.0,3,3,,10,logistic,none,,,,,300,300,0.0233,0.0087,0.8967,1.502,11.063,,1964.703,2051.267,0.0422,0.0,0.0,1.611,0.0,1.066,0.039,,,,0.9504,1,637f720,dominance_null
2026-09-16T03:08:50Z,sequential_powergrid_block_20260916T030837Z_0561,powergrid,4941,6594,wc,0.1,block,0.05,1.5,4.0,1.0,1.0,0.5,1.0,3,3,,10,never,none,,,,,300,300,0.0,0.0,0.0,,,,1964.703,2051.267,0.0422,0.0,0.0,,0.0,4.392,0.0,,,,,1,637f720,dominance_null
2026-09-16T03:08:52Z,sequential_powergrid_block_20260916T030837Z_0561,powergrid,4941,6594,wc,0.1,block,0.05,1.5,4.0,1.0,1.0,0.5,1.0,3,3,,10,immediate,none,,,,,300,300,1.0,0.0,1.0,1.0,8.697,,1964.703,2051.267,0.0422,0.0,0.0,1.524,0.0,0.184,0.101,,,,,1,119b29a,dominance_null
2026-09-16T03:24:37Z,sequential_cagrqc_block_20260916T032409Z_1575,cagrqc,5241,14484,wc,0.1,block,0.05,1.5,4.0,1.0,1.0,1.0,1.0,3,3,,10,eprocess,adaptive,none,0.2,0.5,0.5,300,300,0.0,0.0,0.73,2.169,17.717,,962.713,1822.817,0.4719,0.0,0.0,0.482,6.73,2.2,169.825,0.0,0.0,0.0,2.9957,1,ccba902,throttle_sweep
2026-09-16T03:25:08Z,sequential_cagrqc_block_20260916T032443Z_1721,cagrqc,5241,14484,wc,0.1,block,0.05,1.5,4.0,1.0,1.0,1.0,1.0,3,3,,10,eprocess,adaptive,hub,0.1,0.3,0.5,300,300,0.0,0.0,0.6267,1.947,15.537,56.767,670.04,1822.817,0.6324,0.667,0.0632,0.542,5.24,2.598,116.771,0.743,0.133,1.116,2.9957,1,a8623f5,throttle_sweep
2026-09-16T03:25:37Z,sequential_cagrqc_block_20260916T032443Z_1721,cagrqc,5241,14484,wc,0.1,block,0.05,1.5,4.0,1.0,1.0,1.0,1.0,3,3,,10,eprocess,adaptive,random,0.1,0.3,0.5,300,300,0.0,0.0,0.6633,2.075,16.025,62.409,828.333,1822.817,0.5456,0.693,0.0657,0.499,5.93,2.752,148.859,0.77,0.153,0.855,2.9957,1,3a62a82,throttle_sweep
2026-09-16T03:26:05Z,sequential_cagrqc_block_20260916T032543Z_1941,cagrqc,5241,14484,wc,0.1,block,0.05,1.5,4.0,1.0,1.0,1.0,1.0,3,3,,10,eprocess,adaptive,hub,0.1,0.5,0.5,300,300,0.0,0.0,0.5733,1.785,14.413,54.195,600.997,1822.817,0.6703,0.933,0.0885,0.555,4.73,2.025,107.317,0.717,0.12,1.086,2.9957,1,6493bc3,throttle_sweep
2026-09-16T03:26:30Z,sequential_cagrqc_block_20260916T032543Z_1941,cagrqc,5241,14484,wc,0.1,block,0.05,1.5,4.0,1.0,1.0,1.0,1.0,3,3,,10,eprocess,adaptive,random,0.1,0.5,0.5,300,300,0.0067,0.0047,0.6233,2.0,14.807,58.999,773.967,1822.817,0.5754,0.807,0.0765,0.524,5.29,2.291,129.849,0.82,0.137,1.056,2.9957,1,6493bc3,throttle_sweep
2026-09-16T03:26:57Z,sequential_cagrqc_block_20260916T032636Z_2008,cagrqc,5241,14484,wc,0.1,block,0.05,1.5,4.0,1.0,1.0,1.0,1.0,3,3,,10,eprocess,adaptive,hub,0.1,0.7,0.5,300,300,0.0,0.0,0.4933,1.574,13.372,53.002,555.673,1822.817,0.6952,0.927,0.0878,0.572,4.06,1.997,99.014,0.767,0.103,1.08,2.9957,1,abdd61e,throttle_sweep
2026-09-16T03:27:20Z,sequential_cagrqc_block_20260916T032636Z_2008,cagrqc,5241,14484,wc,0.1,block,0.05,1.5,4.0,1.0,1.0,1.0,1.0,3,3,,10,eprocess,adaptive,random,0.1,0.7,0.5,300,300,0.0033,0.0033,0.5467,1.774,14.018,57.705,661.27,1822.817,0.6372,0.927,0.0878,0.548,4.78,2.34,123.619,0.837,0.12,1.14,2.9957,1,abdd61e,throttle_sweep
2026-09-16T03:27:56Z,sequential_cagrqc_block_20260916T032726Z_2114,cagrqc,5241,14484,wc,0.1,block,0.05,1.5,4.0,1.0,1.0,1.0,1.0,3,3,,10,eprocess,adaptive,hub,0.3,0.3,0.5,300,300,0.0,0.0,0.64,2.089,16.182,59.624,739.72,1822.817,0.5942,0.56,0.0531,0.531,5.43,2.24,149.949,0.817,0.127,0.88,2.9957,1,b241219,throttle_sweep
2026-09-16T03:28:33Z,sequential_cagrqc_block_20260916T032726Z_2114,cagrqc,5241,14484,wc,0.1,block,0.05,1.5,4.0,1.0,1.0,1.0,1.0,3,3,,10,eprocess,adaptive,random,0.3,0.3,0.5,300,300,0.0,0.0,0.6767,2.143,16.507,63.894,874.69,1822.817,0.5201,0.567,0.0537,0.484,6.17,2.531,195.375,0.797,0.157,0.789,2.9957,1,b241219,throttle_sweep
2026-09-16T03:29:04Z,sequential_cagrqc_block_20260916T032839Z_2211,cagrqc,5241,14484,wc,0.1,block,0.05,1.5,4.0,1.0,1.0,1.0,1.0,3,3,,10,eprocess,adaptive,hub,0.3,0.5,0.5,300,300,0.0,0.0,0.6033,2.0,15.392,57.937,687.737,1822.817,0.6227,0.843,0.0799,0.515,5.25,2.166,122.313,0.8,0.13,0.924,2.9957,1,fde3ea1,throttle_sweep
2026-09-16T03:29:40Z,sequential_cagrqc_block_20260916T032839Z_2211,cagrqc,5241,14484,wc,0.1,block,0.05,1.5,4.0,1.0,1.0,1.0,1.0,3,3,,10,eprocess,adaptive,random,0.3,0.5,0.5,300,300,0.0,0.0,0.6367,1.99,15.602,61.982,854.233,1822.817,0.5314,0.747,0.0708,0.506,5.75,2.556,188.768,0.807,0.157,1.078,2.9957,1,3eb88d7,throttle_sweep
2026-09-16T03:30:20Z,sequential_cagrqc_block_20260916T032945Z_2489,cagrqc,5241,14484,wc,0.1,block,0.05,1.5,4.0,1.0,1.0,1.0,1.0,3,3,,10,eprocess,adaptive,hub,0.3,0.7,0.5,300,300,0.0,0.0,0.5533,1.753,14.271,43.68,633.643,1822.817,0.6524,0.9,0.0853,0.525,4.84,3.473,172.505,0.78,0.117,1.034,2.9957,1,b461127,throttle_sweep
2026-09-16T03:30:55Z,sequential_cagrqc_block_20260916T032945Z_2489,cagrqc,5241,14484,wc,0.1,block,0.05,1.5,4.0,1.0,1.0,1.0,1.0,3,3,,10,eprocess,adaptive,random,0.3,0.7,0.5,300,300,0.0,0.0,0.5833,1.863,14.794,48.208,802.717,1822.817,0.5596,0.853,0.0809,0.533,5.31,2.904,186.324,0.833,0.147,1.244,2.9957,1,51b4b24,throttle_sweep
2026-09-16T03:31:29Z,sequential_cagrqc_block_20260916T033100Z_2775,cagrqc,5241,14484,wc,0.1,block,0.05,1.5,4.0,1.0,1.0,1.0,1.0,3,3,,10,eprocess,adaptive,uniform,0.3,0.5,0.5,300,300,0.0,0.0,0.4867,1.637,13.692,43.859,633.997,1822.817,0.6522,0.967,0.0916,0.558,4.38,2.241,147.072,0.833,0.123,1.286,2.9957,1,e30fb3a,throttle_sweep
2026-09-16T03:31:57Z,sequential_cagrqc_block_20260916T032950Z_2536,cagrqc,5241,14484,const,0.1,block,0.05,1.5,4.0,1.0,1.0,1.0,1.0,3,3,,10,eprocess,adaptive,none,0.2,0.5,0.5,300,300,0.0,0.0,0.66,2.475,25.162,128.828,797.063,1096.883,0.2733,0.0,0.0,0.461,6.41,3.737,790.072,0.0,0.0,0.0,2.9957,1,c996cb5,throttle_sweep
2026-09-16T03:32:07Z,sequential_cagrqc_block_20260916T033135Z_2828,cagrqc,5241,14484,wc,0.1,block,0.05,1.5,4.0,1.0,1.0,1.0,1.0,3,3,,10,eprocess,adaptive,uniform,0.5,0.5,0.5,300,300,0.0,0.0,0.6033,1.939,15.21,48.624,789.55,1822.817,0.5669,0.837,0.0793,0.535,5.41,2.745,172.889,0.847,0.157,1.16,2.9957,1,c192392,throttle_sweep
2026-09-16T03:32:51Z,sequential_cagrqc_block_20260916T033213Z_2928,cagrqc,5241,14484,wc,0.1,block,0.05,1.5,4.0,1.0,1.0,1.0,1.0,3,3,,10,eprocess,adaptive,uniform,0.7,0.5,0.5,300,300,0.0,0.0,0.6633,2.055,16.477,53.096,927.72,1822.817,0.4911,0.593,0.0562,0.524,6.1,2.758,201.755,0.823,0.163,0.988,2.9957,1,b25b9fb,throttle_sweep
2026-09-16T03:33:37Z,sequential_cagrqc_block_20260916T033257Z_2989,cagrqc,5241,14484,wc,0.1,block,0.05,1.5,4.0,1.0,1.0,1.0,1.0,3,3,,10,eprocess,adaptive,uniform,0.85,0.5,0.5,300,300,0.0,0.0,0.71,2.202,17.38,55.731,946.933,1822.817,0.4805,0.207,0.0196,0.494,6.55,2.84,213.367,0.837,0.17,0.488,2.9957,1,a8093f5,throttle_sweep
2026-09-16T03:33:40Z,sequential_cagrqc_block_20260916T033203Z_2884,cagrqc,5241,14484,const,0.1,block,0.05,1.5,4.0,1.0,1.0,1.0,1.0,3,3,,10,eprocess,adaptive,hub,0.1,0.3,0.5,300,300,0.0033,0.0033,0.5933,2.354,23.084,112.298,592.007,1096.883,0.4603,4.467,0.13,0.486,5.65,2.952,587.389,0.687,0.12,0.879,2.9957,1,e817a1b,throttle_sweep
2026-09-16T03:34:30Z,sequential_powergrid_block_20260916T033409Z_3074,powergrid,4941,6594,wc,0.1,block,0.05,1.5,4.0,1.0,1.0,1.0,1.0,3,3,,10,eprocess,adaptive,none,0.2,0.5,0.5,300,300,0.0,0.0,0.8833,2.298,15.547,46.552,539.563,1799.807,0.7002,0.0,0.0,0.408,7.84,2.825,101.59,0.0,0.0,0.0,2.9957,1,e817a1b,throttle_sweep
2026-09-16T03:34:54Z,sequential_powergrid_block_20260916T033436Z_3118,powergrid,4941,6594,wc,0.1,block,0.05,1.5,4.0,1.0,1.0,1.0,1.0,3,3,,10,eprocess,adaptive,hub,0.1,0.3,0.5,300,300,0.0033,0.0033,0.6967,1.78,12.708,37.342,426.647,1799.807,0.7629,0.24,0.0233,0.446,5.41,2.594,73.964,0.847,0.067,0.213,2.9957,1,03d8a94,throttle_sweep
2026-09-16T03:35:13Z,sequential_powergrid_block_20260916T033436Z_3118,powergrid,4941,6594,wc,0.1,block,0.05,1.5,4.0,1.0,1.0,1.0,1.0,3,3,,10,eprocess,adaptive,random,0.1,0.3,0.5,300,300,0.0,0.0,0.76,2.009,13.654,41.948,483.213,1799.807,0.7315,0.23,0.0223,0.424,6.43,2.782,87.311,0.923,0.07,0.198,2.9957,1,03d8a94,throttle_sweep
2026-09-16T03:35:27Z,sequential_cagrqc_block_20260916T033203Z_2884,cagrqc,5241,14484,const,0.1,block,0.05,1.5,4.0,1.0,1.0,1.0,1.0,3,3,,10,eprocess,adaptive,random,0.1,0.3,0.5,300,300,0.0033,0.0033,0.6033,2.398,23.055,122.574,717.62,1096.883,0.3458,2.583,0.0752,0.491,5.95,2.858,657.581,0.68,0.137,1.287,2.9957,1,7e5c900,throttle_sweep
2026-09-16T03:35:36Z,sequential_powergrid_block_20260916T033519Z_3173,powergrid,4941,6594,wc,0.1,block,0.05,1.5,4.0,1.0,1.0,1.0,1.0,3,3,,10,eprocess,adaptive,hub,0.1,0.5,0.5,300,300,0.0033,0.0033,0.59,1.61,12.209,37.149,425.433,1799.807,0.7636,0.307,0.0298,0.48,4.67,2.853,65.021,0.813,0.063,0.288,2.9957,1,35bf77d,throttle_sweep
2026-09-16T03:35:54Z,sequential_powergrid_block_20260916T033519Z_3173,powergrid,4941,6594,wc,0.1,block,0.05,1.5,4.0,1.0,1.0,1.0,1.0,3,3,,10,eprocess,adaptive,random,0.1,0.5,0.5,300,300,0.0,0.0,0.68,1.819,12.73,39.614,450.267,1799.807,0.7498,0.27,0.0262,0.457,5.58,3.201,77.97,0.9,0.08,0.276,2.9957,1,35bf77d,throttle_sweep
2026-09-16T03:36:18Z,sequential_powergrid_block_20260916T033600Z_3270,powergrid,4941,6594,wc,0.1,block,0.05,1.5,4.0,1.0,1.0,1.0,1.0,3,3,,10,eprocess,adaptive,hub,0.1,0.7,0.5,300,300,0.0,0.0,0.4867,1.411,11.63,37.458,424.773,1799.807,0.764,0.347,0.0337,0.517,4.18,3.049,70.22,0.78,0.06,0.342,2.9957,1,9403edc,throttle_sweep
2026-09-16T03:36:37Z,sequential_powergrid_block_20260916T033600Z_3270,powergrid,4941,6594,wc,0.1,block,0.05,1.5,4.0,1.0,1.0,1.0,1.0,3,3,,10,eprocess,adaptive,random,0.1,0.7,0.5,300,300,0.0033,0.0033,0.5767,1.618,11.867,38.367,440.477,1799.807,0.7553,0.34,0.033,0.477,4.89,2.811,79.907,0.86,0.063,0.306,2.9957,1,9403edc,throttle_sweep
2026-09-16T03:37:06Z,sequential_powergrid_block_20260916T033644Z_3348,powergrid,4941,6594,wc,0.1,block,0.05,1.5,4.0,1.0,1.0,1.0,1.0,3,3,,10,eprocess,adaptive,hub,0.3,0.3,0.5,300,300,0.0033,0.0033,0.74,1.964,13.288,39.244,431.143,1799.807,0.7605,0.167,0.0162,0.441,5.95,4.212,88.29,0.91,0.08,0.212,2.9957,1,b28d4fb,throttle_sweep
2026-09-16T03:37:12Z,sequential_cagrqc_block_20260916T033533Z_3216,cagrqc,5241,14484,const,0.1,block,0.05,1.5,4.0,1.0,1.0,1.0,1.0,3,3,,10,eprocess,adaptive,hub,0.1,0.5,0.5,300,300,0.0,0.0,0.52,2.071,20.532,103.451,498.72,1096.883,0.5453,5.45,0.1586,0.52,4.92,3.665,593.343,0.693,0.133,1.533,2.9957,1,b28d4fb,throttle_sweep
2026-09-16T03:37:27Z,sequential_powergrid_block_20260916T033644Z_3348,powergrid,4941,6594,wc,0.1,block,0.05,1.5,4.0,1.0,1.0,1.0,1.0,3,3,,10,eprocess,adaptive,random,0.3,0.3,0.5,300,300,0.0,0.0,0.79,2.08,14.215,43.334,512.94,1799.807,0.715,0.177,0.0172,0.409,6.79,2.581,96.024,0.917,0.07,0.168,2.9957,1,fc9ae4e,throttle_sweep
2026-09-16T03:37:54Z,sequential_powergrid_block_20260916T033733Z_3600,powergrid,4941,6594,wc,0.1,block,0.05,1.5,4.0,1.0,1.0,1.0,1.0,3,3,,10,eprocess,adaptive,hub,0.3,0.5,0.5,300,300,0.0,0.0,0.6567,1.812,12.726,38.617,426.473,1799.807,0.763,0.21,0.0204,0.476,5.34,3.697,85.763,0.927,0.093,0.306,2.9957,1,3ad0342,throttle_sweep
2026-09-16T03:38:14Z,sequential_powergrid_block_20260916T033733Z_3600,powergrid,4941,6594,wc,0.1,block,0.05,1.5,4.0,1.0,1.0,1.0,1.0,3,3,,10,eprocess,adaptive,random,0.3,0.5,0.5,300,300,0.0,0.0,0.73,2.046,13.411,41.347,482.273,1799.807,0.732,0.243,0.0236,0.437,6.07,3.325,86.986,0.957,0.07,0.224,2.9957,1,3ad0342,throttle_sweep
2026-09-16T03:38:40Z,sequential_powergrid_block_20260916T033821Z_3793,powergrid,4941,6594,wc,0.1,block,0.05,1.5,4.0,1.0,1.0,1.0,1.0,3,3,,10,eprocess,adaptive,hub,0.3,0.7,0.5,300,300,0.0,0.0,0.59,1.751,12.288,38.406,425.803,1799.807,0.7634,0.267,0.0259,0.493,4.84,3.202,73.967,0.92,0.087,0.35,2.9957,1,e1e2712,throttle_sweep
2026-09-16T03:38:58Z,sequential_powergrid_block_20260916T033821Z_3793,powergrid,4941,6594,wc,0.1,block,0.05,1.5,4.0,1.0,1.0,1.0,1.0,3,3,,10,eprocess,adaptive,random,0.3,0.7,0.5,300,300,0.0033,0.0033,0.6533,1.872,12.577,39.779,435.153,1799.807,0.7582,0.277,0.0269,0.454,5.45,2.925,77.978,0.953,0.073,0.28,2.9957,1,e1e2712,throttle_sweep
2026-09-16T03:39:06Z,sequential_cagrqc_block_20260916T033533Z_3216,cagrqc,5241,14484,const,0.1,block,0.05,1.5,4.0,1.0,1.0,1.0,1.0,3,3,,10,eprocess,adaptive,random,0.1,0.5,0.5,300,300,0.0,0.0,0.5533,2.247,21.331,116.391,633.883,1096.883,0.4221,3.143,0.0915,0.499,5.43,3.293,696.511,0.703,0.167,2.997,2.9957,1,d76d106,throttle_sweep
2026-09-16T03:39:21Z,sequential_powergrid_block_20260916T033904Z_3850,powergrid,4941,6594,wc,0.1,block,0.05,1.5,4.0,1.0,1.0,1.0,1.0,3,3,,10,eprocess,adaptive,uniform,0.3,0.5,0.5,300,300,0.0,0.0,0.5433,1.62,11.736,38.163,425.367,1799.807,0.7637,0.313,0.0304,0.512,4.53,2.41,67.126,0.937,0.073,0.364,2.9957,1,35d6fd5,throttle_sweep
2026-09-16T03:39:45Z,sequential_powergrid_block_20260916T033926Z_3936,powergrid,4941,6594,wc,0.1,block,0.05,1.5,4.0,1.0,1.0,1.0,1.0,3,3,,10,eprocess,adaptive,uniform,0.5,0.5,0.5,300,300,0.0,0.0,0.6733,1.975,12.847,40.593,453.49,1799.807,0.748,0.233,0.0227,0.462,5.65,3.009,79.019,1.06,0.087,0.293,2.9957,1,c169c2f,throttle_sweep
2026-09-16T03:40:11Z,sequential_powergrid_block_20260916T033951Z_3982,powergrid,4941,6594,wc,0.1,block,0.05,1.5,4.0,1.0,1.0,1.0,1.0,3,3,,10,eprocess,adaptive,uniform,0.7,0.5,0.5,300,300,0.0033,0.0033,0.7633,2.201,14.127,43.469,474.013,1799.807,0.7366,0.123,0.012,0.44,6.6,3.258,90.155,1.113,0.083,0.177,2.9957,1,0a41ed1,throttle_sweep
2026-09-16T03:40:39Z,sequential_powergrid_block_20260916T034017Z_4028,powergrid,4941,6594,wc,0.1,block,0.05,1.5,4.0,1.0,1.0,1.0,1.0,3,3,,10,eprocess,adaptive,uniform,0.85,0.5,0.5,300,300,0.0033,0.0033,0.8533,2.41,15.07,45.944,511.177,1799.807,0.716,0.053,0.0052,0.432,7.41,2.995,101.642,1.087,0.08,0.09,2.9957,1,bb564f9,throttle_sweep
2026-09-16T03:40:41Z,sequential_cagrqc_block_20260916T033912Z_3893,cagrqc,5241,14484,const,0.1,block,0.05,1.5,4.0,1.0,1.0,1.0,1.0,3,3,,10,eprocess,adaptive,hub,0.1,0.7,0.5,300,300,0.0067,0.0047,0.49,2.014,18.986,98.774,466.843,1096.883,0.5744,5.79,0.1685,0.521,4.48,3.189,524.87,0.643,0.123,1.662,2.9957,1,bb564f9,throttle_sweep
2026-09-16T03:42:03Z,sequential_cahepth_block_20260916T034045Z_4083,cahepth,9875,25973,wc,0.1,block,0.05,1.5,4.0,1.0,1.0,1.0,1.0,3,3,,10,eprocess,adaptive,none,0.2,0.5,0.5,300,300,0.0,0.0,0.7633,2.022,18.293,56.421,3273.8,4578.35,0.2849,0.0,0.0,0.443,7.19,2.799,415.872,0.0,0.0,0.0,2.9957,1,56dd4f2,throttle_sweep
2026-09-16T03:42:28Z,sequential_cagrqc_block_20260916T033912Z_3893,cagrqc,5241,14484,const,0.1,block,0.05,1.5,4.0,1.0,1.0,1.0,1.0,3,3,,10,eprocess,adaptive,random,0.1,0.7,0.5,300,300,0.0033,0.0033,0.53,2.226,19.478,107.27,568.057,1096.883,0.4821,5.203,0.1514,0.51,5.12,3.427,654.312,0.727,0.127,1.752,2.9957,1,02268d2,throttle_sweep
2026-09-16T03:43:12Z,sequential_cahepth_block_20260916T034210Z_4173,cahepth,9875,25973,wc,0.1,block,0.05,1.5,4.0,1.0,1.0,1.0,1.0,3,3,,10,eprocess,adaptive,hub,0.1,0.3,0.5,300,300,0.0033,0.0033,0.67,1.766,15.448,44.612,2494.057,4578.35,0.4552,0.947,0.0773,0.473,5.98,2.82,308.963,0.67,0.13,1.182,2.9957,1,de1f635,throttle_sweep
2026-09-16T03:44:35Z,sequential_cahepth_block_20260916T034210Z_4173,cahepth,9875,25973,wc,0.1,block,0.05,1.5,4.0,1.0,1.0,1.0,1.0,3,3,,10,eprocess,adaptive,random,0.1,0.3,0.5,300,300,0.0033,0.0033,0.6767,1.901,16.7,52.143,2900.44,4578.35,0.3665,0.373,0.0305,0.458,6.33,3.661,434.28,0.753,0.153,0.777,2.9957,1,de1f635,throttle_sweep
2026-09-16T03:44:40Z,sequential_cagrqc_block_20260916T034235Z_4216,cagrqc,5241,14484,const,0.1,block,0.05,1.5,4.0,1.0,1.0,1.0,1.0,3,3,,10,eprocess,adaptive,hub,0.3,0.3,0.5,300,300,0.0033,0.0033,0.62,2.43,23.715,116.381,641.527,1096.883,0.4151,2.557,0.0744,0.477,5.95,3.841,755.126,0.683,0.123,0.681,2.9957,1,fc6fea8,throttle_sweep
2026-09-16T03:45:58Z,sequential_cahepth_block_20260916T034442Z_4329,cahepth,9875,25973,wc,0.1,block,0.05,1.5,4.0,1.0,1.0,1.0,1.0,3,3,,10,eprocess,adaptive,hub,0.1,0.5,0.5,300,300,0.0033,0.0033,0.6133,1.674,14.94,44.206,2312.933,4578.35,0.4948,1.083,0.0885,0.479,5.34,3.627,371.088,0.64,0.14,1.449,2.9957,1,fc6fea8,throttle_sweep
2026-09-16T03:47:08Z,sequential_cagrqc_block_20260916T034235Z_4216,cagrqc,5241,14484,const,0.1,block,0.05,1.5,4.0,1.0,1.0,1.0,1.0,3,3,,10,eprocess,adaptive,random,0.3,0.3,0.5,300,300,0.0,0.0,0.6267,2.463,23.298,121.516,724.34,1096.883,0.3396,1.557,0.0453,0.484,6.07,3.722,916.477,0.697,0.167,1.449,2.9957,1,fc6fea8,throttle_sweep
2026-09-16T03:47:16Z,sequential_cahepth_block_20260916T034442Z_4329,cahepth,9875,25973,wc,0.1,block,0.05,1.5,4.0,1.0,1.0,1.0,1.0,3,3,,10,eprocess,adaptive,random,0.1,0.5,0.5,300,300,0.0,0.0,0.6267,1.718,15.096,47.848,2825.577,4578.35,0.3828,0.663,0.0542,0.476,5.83,3.642,395.823,0.74,0.173,1.308,2.9957,1,c9c0c10,throttle_sweep
2026-09-16T03:48:35Z,sequential_cahepth_block_20260916T034723Z_4438,cahepth,9875,25973,wc,0.1,block,0.05,1.5,4.0,1.0,1.0,1.0,1.0,3,3,,10,eprocess,adaptive,hub,0.1,0.7,0.5,300,300,0.01,0.0057,0.55,1.509,14.018,43.032,2194.983,4578.35,0.5206,1.18,0.0964,0.511,4.87,3.493,353.062,0.643,0.12,1.599,2.9957,1,d6850be,throttle_sweep
2026-09-16T03:49:23Z,sequential_cagrqc_block_20260916T034714Z_4396,cagrqc,5241,14484,const,0.1,block,0.05,1.5,4.0,1.0,1.0,1.0,1.0,3,3,,10,eprocess,adaptive,hub,0.3,0.5,0.5,300,300,0.0,0.0,0.58,2.316,22.144,110.776,602.963,1096.883,0.4503,4.207,0.1224,0.505,5.56,4.531,779.028,0.67,0.13,1.162,2.9957,1,d6850be,throttle_sweep
2026-09-16T03:49:49Z,sequential_cahepth_block_20260916T034723Z_4438,cahepth,9875,25973,wc,0.1,block,0.05,1.5,4.0,1.0,1.0,1.0,1.0,3,3,,10,eprocess,adaptive,random,0.1,0.7,0.5,300,300,0.0033,0.0033,0.5767,1.613,14.393,45.799,2454.11,4578.35,0.464,1.113,0.091,0.487,5.23,3.268,370.699,0.71,0.157,1.797,2.9957,1,d6850be,throttle_sweep
2026-09-16T03:51:14Z,sequential_cahepth_block_20260916T034956Z_4511,cahepth,9875,25973,wc,0.1,block,0.05,1.5,4.0,1.0,1.0,1.0,1.0,3,3,,10,eprocess,adaptive,hub,0.3,0.3,0.5,300,300,0.0033,0.0033,0.6933,1.798,16.082,47.398,2636.607,4578.35,0.4241,0.88,0.0719,0.469,6.34,3.704,391.172,0.663,0.143,0.966,2.9957,1,8c744c3,throttle_sweep
2026-09-16T03:51:43Z,sequential_cagrqc_block_20260916T034714Z_4396,cagrqc,5241,14484,const,0.1,block,0.05,1.5,4.0,1.0,1.0,1.0,1.0,3,3,,10,eprocess,adaptive,random,0.3,0.5,0.5,300,300,0.0,0.0,0.6033,2.387,22.425,120.844,684.213,1096.883,0.3762,2.647,0.077,0.488,5.91,3.934,859.844,0.683,0.163,1.876,2.9957,1,8c744c3,throttle_sweep
2026-09-16T03:52:36Z,sequential_cahepth_block_20260916T034956Z_4511,cahepth,9875,25973,wc,0.1,block,0.05,1.5,4.0,1.0,1.0,1.0,1.0,3,3,,10,eprocess,adaptive,random,0.3,0.3,0.5,300,300,0.0033,0.0033,0.6967,1.947,17.201,53.304,2994.46,4578.35,0.346,0.343,0.0281,0.457,6.53,3.588,423.323,0.753,0.157,0.611,2.9957,1,a4a938b,throttle_sweep
2026-09-16T03:53:50Z,sequential_cagrqc_block_20260916T035150Z_4576,cagrqc,5241,14484,const,0.1,block,0.05,1.5,4.0,1.0,1.0,1.0,1.0,3,3,,10,eprocess,adaptive,hub,0.3,0.7,0.5,300,300,0.0033,0.0033,0.5567,2.198,20.964,108.826,585.667,1096.883,0.4661,4.417,0.1285,0.513,5.36,3.672,722.917,0.647,0.137,1.594,2.9957,1,13c4383,throttle_sweep
2026-09-16T03:54:00Z,sequential_cahepth_block_20260916T035243Z_4622,cahepth,9875,25973,wc,0.1,block,0.05,1.5,4.0,1.0,1.0,1.0,1.0,3,3,,10,eprocess,adaptive,hub,0.3,0.5,0.5,300,300,0.0033,0.0033,0.6433,1.782,15.736,47.062,2513.3,4578.35,0.451,1.013,0.0828,0.473,5.85,3.461,377.961,0.697,0.153,1.239,2.9957,1,13c4383,throttle_sweep
2026-09-16T03:55:41Z,sequential_cahepth_block_20260916T035243Z_4622,cahepth,9875,25973,wc,0.1,block,0.05,1.5,4.0,1.0,1.0,1.0,1.0,3,3,,10,eprocess,adaptive,random,0.3,0.5,0.5,300,300,0.0033,0.0033,0.66,1.879,16.157,50.547,2788.847,4578.35,0.3909,0.553,0.0452,0.464,6.11,4.604,519.788,0.803,0.163,1.001,2.9957,1,13c4383,throttle_sweep
2026-09-16T03:56:37Z,sequential_cagrqc_block_20260916T035150Z_4576,cagrqc,5241,14484,const,0.1,block,0.05,1.5,4.0,1.0,1.0,1.0,1.0,3,3,,10,eprocess,adaptive,random,0.3,0.7,0.5,300,300,0.0,0.0,0.5867,2.335,20.284,108.205,633.28,1096.883,0.4227,3.677,0.107,0.504,5.7,4.704,1027.278,0.697,0.13,1.643,2.9957,1,d17937f,throttle_sweep
2026-09-16T03:57:10Z,sequential_cahepth_block_20260916T035550Z_4768,cahepth,9875,25973,wc,0.1,block,0.05,1.5,4.0,1.0,1.0,1.0,1.0,3,3,,10,eprocess,adaptive,hub,0.3,0.7,0.5,300,300,0.0067,0.0047,0.6133,1.723,15.049,46.039,2419.953,4578.35,0.4714,1.1,0.0899,0.489,5.6,4.163,386.789,0.727,0.133,1.381,2.9957,1,5cc1b4f,throttle_sweep
2026-09-16T03:58:30Z,sequential_cahepth_block_20260916T035550Z_4768,cahepth,9875,25973,wc,0.1,block,0.05,1.5,4.0,1.0,1.0,1.0,1.0,3,3,,10,eprocess,adaptive,random,0.3,0.7,0.5,300,300,0.0067,0.0047,0.63,1.772,15.317,48.048,2697.183,4578.35,0.4109,0.887,0.0724,0.474,5.85,3.779,404.113,0.78,0.157,1.37,2.9957,1,5cc1b4f,throttle_sweep
2026-09-16T03:58:44Z,sequential_cagrqc_block_20260916T035643Z_4815,cagrqc,5241,14484,const,0.1,block,0.05,1.5,4.0,1.0,1.0,1.0,1.0,3,3,,10,eprocess,adaptive,uniform,0.3,0.5,0.5,300,300,0.0,0.0,0.5067,2.151,18.842,104.197,531.667,1096.883,0.5153,5.333,0.1552,0.537,4.87,4.592,733.475,0.747,0.143,2.578,2.9957,1,e72a3e3,throttle_sweep
2026-09-16T03:59:52Z,sequential_cahepth_block_20260916T035837Z_4878,cahepth,9875,25973,wc,0.1,block,0.05,1.5,4.0,1.0,1.0,1.0,1.0,3,3,,10,eprocess,adaptive,uniform,0.3,0.5,0.5,300,300,0.0033,0.0033,0.58,1.661,14.58,45.648,2391.823,4578.35,0.4776,1.187,0.0969,0.497,5.26,3.497,373.268,0.72,0.147,1.629,2.9957,1,46cac03,throttle_sweep
2026-09-16T04:01:00Z,sequential_cagrqc_block_20260916T035852Z_4923,cagrqc,5241,14484,const,0.1,block,0.05,1.5,4.0,1.0,1.0,1.0,1.0,3,3,,10,eprocess,adaptive,uniform,0.5,0.5,0.5,300,300,0.0033,0.0033,0.5933,2.444,21.264,115.603,646.827,1096.883,0.4103,2.717,0.079,0.496,5.78,4.537,783.024,0.74,0.157,3.018,2.9957,1,47c79ea,throttle_sweep
2026-09-16T04:01:06Z,sequential_cahepth_block_20260916T035959Z_4971,cahepth,9875,25973,wc,0.1,block,0.05,1.5,4.0,1.0,1.0,1.0,1.0,3,3,,10,eprocess,adaptive,uniform,0.5,0.5,0.5,300,300,0.0,0.0,0.63,1.815,15.566,49.462,2686.49,4578.35,0.4132,0.703,0.0575,0.49,5.91,3.843,344.06,0.807,0.163,1.157,2.9957,1,1437601,throttle_sweep
2026-09-16T04:02:22Z,sequential_cahepth_block_20260916T040112Z_5066,cahepth,9875,25973,wc,0.1,block,0.05,1.5,4.0,1.0,1.0,1.0,1.0,3,3,,10,eprocess,adaptive,uniform,0.7,0.5,0.5,300,300,0.0067,0.0047,0.7,1.924,16.719,52.587,3071.357,4578.35,0.3292,0.61,0.0498,0.493,6.62,2.841,359.891,0.707,0.15,0.684,2.9957,1,a448112,throttle_sweep
